Plant_accepted_name,Interaction_percent,Cumulative_percentage
Trifolium repens,1.701381846908402,4.521778018382742
Trifolium pratense,1.187362782858828,7.6774428922808955
Centaurea jacea,0.9385896004130574,10.171941015169882
Brassica oleracea,0.839664842566163,12.403525908839486
Cistus crispus,0.7616409288122564,14.42774593684904
Lotus corniculatus,0.7564157177890095,16.438078873968763
Cirsium arvense,0.6543026955889477,18.17702510268209
Melilotus italicus,0.6427895187580648,19.88537265655341
Knautia arvensis,0.6256083164104395,21.548057572583588
Calluna vulgaris,0.5542266200589652,23.02103070459333
Centaurea scabiosa,0.5040114564965757,24.36054653940756
Lavandula stoechas,0.4681434825234404,25.604735733367853
Thymbra capitata,0.4218250865038113,26.725824104694542
Brassica napus,0.39853304414594815,27.785009003071636
Ranunculus acris,0.3911823235539229,28.82465782443422
Achillea millefolium,0.3872855560111625,29.853950171234892
Vicia cracca,0.3742668099023948,30.84864247802191
Echium vulgare,0.34964632406404517,31.777900695531414
Daucus carota,0.34858356927965595,32.70433441997858
Leontodon hispidus,0.3278598509840666,33.57569052971014
Oxalis pes-caprae,0.3257343414152883,34.44139765331701
Tetrapanax papyrifer,0.3145754161792017,35.27744759976933
Potentilla erecta,0.30571912630929177,36.08996010403549
Melilotus albus,0.28694379178508267,36.852573230867
Picris hieracioides,0.2702054039309528,37.57070059196667
Erigeron annuus,0.2683455830582717,38.28388509020725
Origanum vulgare,0.26595438479339606,38.99071447905756
Prunella vulgaris,0.2619690543519365,39.6869520189241
Chamaenerion angustifolium,0.26046348507405187,40.379188193619
Chaerophyllum hirsutum,0.2547954595573095,41.056360405314756
Convolvulus arvensis,0.2514300694067437,41.72458838897977
Plantago lanceolata,0.24779899056008065,42.38316602134846
Leucanthemum vulgare,0.24744473896528424,43.040802156029706
Medicago sativa,0.2458506067887004,43.69420155111744
Scabiosa columbaria,0.23699431691879047,44.324063504019016
Rubus fruticosus,0.22583539168270395,44.92426827976604
Trifolium medium,0.22450694820221745,45.520942439185134
Potentilla reptans,0.22362131921522646,46.11526285438561
Buddleja davidii,0.21423365195312188,46.68463358086876
Ligustrum vulgare,0.2138794003583255,47.25306280966447
Carduus defloratus,0.21166532789084802,47.81560767791364
Hypericum perforatum,0.2091855667272732,48.371562062350684
Crepis capillaris,0.2067058055636984,48.9209259629756
Cistus salviifolius,0.20068352845215967,49.454284402913935
Lavandula pedunculata,0.1969638867067975,49.97775711713408
Centaurea nigrescens,0.19607825771980647,50.498876087135606
Salvia officinalis,0.19474981423931997,51.016464440809216
Cistus ladanifer,0.1902331064056659,51.52204869896788
Rhinanthus glacialis,0.18394514059802983,52.01092137317438
Salvia rosmarinus,0.17686010870210186,52.48096409363194
Taraxacum officinale,0.17641729420860638,52.949829941980205
Echium candicans,0.1721662750710496,53.407397818079104
Glebionis coronaria,0.1666753753517054,53.85037248002259
Jurinea humilis,0.16242435621414864,54.28204916971673
Bellis perennis,0.16029884664537022,54.70807687328618
Betonica alopecuros,0.15613639040651256,55.12304197902814
Anagyris foetida,0.15578213881171618,55.53706558708265
Solidago virgaurea,0.1503798019910711,55.93673135540361
Impatiens glandulifera,0.1474572263340008,56.32862976780313
Arctium tomentosum,0.14728010053660262,56.72005743135893
Lythrum salicaria,0.1464830344483107,57.10936672511798
Albuca bracteata,0.14037219443807283,57.48243518376858
Jasione crispa,0.13904375095758634,57.85197302609125
Hypericum maculatum,0.13355285123824218,58.20691765425851
Thymus praecox,0.13328716254214487,58.561156159160184
Jacobaea vulgaris,0.13249009645385298,58.9132762942651
Satureja thymbra,0.13098452717596826,59.26139506419837
Thymus pulegioides,0.12664494513971242,59.597980487460426
Lathyrus pratensis,0.1262021306462169,59.93338903861317
Cirsium palustre,0.1247851242670313,60.26503159901613
Hypochaeris radicata,0.12283674049565112,60.59149592213814
Hippocrepis comosa,0.12265961469825291,60.91748949641642
Salvia pratensis,0.12044554223077542,61.23759871014816
Helminthotheca echioides,0.11867428425679344,61.55300043544268
Anthyllis vulneraria,0.11832003266199703,61.86746066304974
Betonica officinalis,0.11787721816850154,62.1807440185475
Heracleum sphondylium,0.11575170859972315,62.488378387920584
Mentha longifolia,0.11415757642313935,62.79177601770015
Cirsium vulgare,0.11389188772704206,63.09446752421414
Torilis arvensis,0.11318338453744926,63.395276035353234
Medicago lupulina,0.11282913294265286,63.69514304880489
Salix repens,0.11096931206997177,63.99006719939744
Wisteria floribunda,0.10760392191940599,64.27604712195925
Cistus monspeliensis,0.1072496703246096,64.56108554683362
Lamium album,0.10707254452721139,64.84565322286427
Melampyrum nemorosum,0.1052127236545303,65.12527803603582
Pseudodictamnus acetabulosus,0.1045927833636366,65.40325522825434
Centaurea nigra,0.10450422046493751,65.680997046051
Pimpinella major,0.10441565756623841,65.9585034894258
Mahonia japonica,0.10344146568054831,66.23342081416013
Rorippa sylvestris,0.10344146568054831,66.50833813889444
Cichorium intybus,0.10237871089615912,66.78043097056643
Matricaria chamomilla,0.10220158509876091,67.05205305339469
Pimpinella saxifraga,0.10069601582087621,67.3196737710513
Vaccinium vitis-idaea,0.09972182393518612,67.58470537006743
Euphrasia officinalis,0.09954469813778792,67.84926622023984
Helianthemum nummularium,0.09733062567031044,68.10794270986571
Vicia faba,0.09644499668331945,68.36426545527297
Camellia japonica,0.09431948711454105,68.61493921455555
Cirsium monspessulanum,0.09369954682364737,68.8639653528851
Geranium phaeum,0.09263679203925816,69.11016699815231
Centaurea phrygia,0.09157403725486897,69.35354415035718
Lavandula angustifolia,0.09104265986267436,69.59550905603088
Heracleum austriacum,0.09068840826787797,69.83653246401713
Phyteuma orbiculare,0.08997990507828517,70.07567287662849
Melilotus officinalis,0.08812008420560409,70.30987042638077
Galactites tomentosus,0.08723445521861309,70.54171423191441
Scabiosa lucida,0.0849318198524365,70.76743830247966
Helichrysum stoechas,0.0848432569537374,70.99292699862306
Ranunculus repens,0.08386906506804731,71.21582657612596
Euphorbia characias,0.08183211839796802,71.43331254192607
Sonchus oleraceus,0.08156642970187072,71.65009238446058
Erica tetralix,0.08138930390447251,71.86640147815136
Rhododendron hirsutum,0.08112361520837522,72.08200444857657
Vicia sepium,0.08103505230967611,72.29737204457992
Geum rivale,0.08023798622138421,72.5106212707865
Rubus idaeus,0.07917523143699502,72.72104600393075
Campanula scheuchzeri,0.07793535085520763,72.92817549516894
Taraxacum campylodes,0.07758109926041123,73.13436348871967
Tanacetum vulgare,0.07704972186821663,73.33913923573925
Ononis spinosa,0.07554415259033194,73.53991361758717
Citrus trifoliata,0.07501277519813734,73.73927575290394
Pilosella officinarum,0.07465852360334094,73.93769639053323
Galium verum,0.07350720592025264,74.13305716067835
Genista hirsuta,0.07315295432545625,74.32747643313601
Centaurea cyanus,0.07306439142675716,74.5216603311718
Onopordum tauricum,0.07306439142675716,74.7158442292076
Senecio pyrenaicus,0.07235588823716435,74.90814513186852
Ajuga reptans,0.07093888185797877,75.09668004377964
Vaccinium uliginosum,0.06952187547879317,75.28144896494098
Polygaloides chamaebuxus,0.06739636591001479,75.46056889997763
Borago officinalis,0.06677642561912109,75.63804121406126
Campanula rotundifolia,0.06677642561912109,75.81551352814489
Tropaeolum majus,0.06615648532822739,75.99133822127548
Salvia fruticosa,0.06589079663213009,76.1664567911405
Pentanema salicinum,0.0652708563412364,76.33992774005249
Verbena officinalis,0.063233909671157107,76.50798507726165
Clinopodium vulgare,0.0630567838737589,76.67557166562709
Veronica chamaedrys,0.0626139693802634,76.84198138188323
Onobrychis viciifolia,0.06208259198806881,77.0069788516082
Erica carnea,0.061905466190670604,77.17150557248944
Crepis biennis,0.06110840010237871,77.33391392357392
Raphanus raphanistrum,0.06101983720367961,77.49608690023655
Symphytum officinale,0.06039989691278591,77.65661225594614
Carduus acanthoides,0.05942570502709582,77.81454849301527
Cistus creticus,0.05862863893880393,77.97036636028763
Salvia glutinosa,0.058451513141405724,78.12571347871626
Galega orientalis,0.05792013574921112,78.27964835061374
Galium album,0.05738875835701653,78.43217097598004
Prunella grandiflora,0.05721163255961833,78.58422285250262
Vitex agnus-castus,0.055263248788238135,78.73109649174424
Onobrychis montana,0.05455474559864534,78.87608713561097
Leontodon tuberosus,0.054289056902548045,79.02037165621212
Stellaria graminea,0.05366911661165434,79.16300855586023
Ranunculus bulbosus,0.05269492472596425,79.30305633686787
Anthriscus sylvestris,0.05234067313116786,79.44216262018806
Teucrium fruticans,0.051366481245477755,79.57867978486777
Reichardia tingitana,0.05127791834677865,79.71496157512563
Glycine max,0.049949474866292164,79.84771274905556
Galeopsis pubescens,0.04941809747409756,79.97905167645432
Malva sylvestris,0.04941809747409756,80.11039060385308
Ranunculus montanus,0.04932953457539846,80.24149415682997
Geranium sylvaticum,0.04888672008190297,80.37142083769757
Knautia drymeia,0.04826677979100927,80.49969989761212
Trifolium campestre,0.04826677979100927,80.62797895752668
Senecio inaequidens,0.04738115080401828,80.75390427322263
Gentiana asclepiadea,0.047204025006620076,80.87935884007484
Geranium pratense,0.047115462107920975,81.00457803250521
Campanula glomerata,0.04640695891832818,81.12791422956067
Salvia verticillata,0.04640695891832818,81.25125042661614
Knautia dipsacifolia,0.04622983312092998,81.37411587482788
Plantago media,0.04614127022223088,81.49674594861776
Glechoma hederacea,0.04605270732353178,81.61914064798577
Leontodon saxatilis,0.04552132993133718,81.74012310082263
Sedum brevifolium,0.04454713804564709,81.858516435019
Leucanthemopsis alpina,0.04428144934954979,81.9762036459498
Cirsium acaule,0.04392719775475339,82.09294935919313
Clinopodium alpinum,0.04383863485605429,82.20945969801461
Succisa pratensis,0.04348438326125789,82.32502853914865
Fumaria muralis,0.0425101913755678,82.43800826164221
Brassica juncea,0.0424216284768687,82.5507526097139
Aegopodium podagraria,0.0421559397807714,82.66279083452001
Crepis commutata,0.041535999489877705,82.77318143837309
Rhinanthus alectorolophus,0.041535999489877705,82.88357204222616
Vaccinium myrtillus,0.0414474365911786,82.99372727165739
Campanula persicifolia,0.041181747895081305,83.10317637782302
Calystegia sepium,0.04091605919898401,83.21191936072307
Centaurea stoebe,0.04091605919898401,83.32066234362311
Hieracium umbellatum,0.04091605919898401,83.42940532652317
Salvia elegans,0.040827496300284906,83.53791293500134
Deutzia scabra,0.04020755600939121,83.6447729225265
Tripleurospermum maritimum,0.03958761571849751,83.74998528909863
Ranunculus polyanthemos,0.039410489921099315,83.85472690682703
Sonchus arvensis,0.03843629803540922,83.95687940591496
Echium plantagineum,0.03781635774451552,84.05738428404985
Brassica arvensis,0.03746210614971912,84.1569476644973
Carlina vulgaris,0.03737354325102002,84.25627567052288
Cytisus multiflorus,0.03701929165622363,84.35466217886102
Leontodon longirostris,0.03701929165622363,84.45304868719916
Lotus cytisoides,0.03631078846663083,84.54955220016241
Erica arborea,0.03604509977053353,84.64534958986006
Galium mollugo,0.03604509977053353,84.74114697955773
Echium angustifolium,0.035867973973135334,84.83647362041167
Reseda lutea,0.03524803368224163,84.93015264031257
Cornus sanguinea,0.03418527889785244,85.02100716715114
Cistus parviflorus,0.034096715999153336,85.11162631956785
Geranium sanguineum,0.034096715999153336,85.20224547198455
Medicago × varia,0.034096715999153336,85.29286462440126
Filipendula ulmaria,0.03365390150565784,85.38230690470866
Chamaemelum fuscatum,0.033388212809560544,85.47104306175048
Dombeya × cayeuxii,0.033388212809560544,85.55977921879229
Anthemis maritima,0.03285683541736594,85.64710312930293
Papaver rhoeas,0.03214833222777315,85.73254404443868
Asphodelus ramosus,0.031971206430374946,85.81751421073072
Veronica longifolia,0.031971206430374946,85.90248437702274
Primula elatior,0.03170551773427765,85.9867484200492
Lotus dorycnium,0.031262703240782154,86.06983559096632
Adenocarpus hispanicus,0.03108557744338395,86.15245201303973
Cakile maritima,0.029934259760295658,86.23200856762895
Campanula rapunculoides,0.02984569686159656,86.31132974779631
Campanula patula,0.029757133962897458,86.3904155535418
Anthericum ramosum,0.029580008165499258,86.46903061044355
Parnassia palustris,0.02878294207720736,86.54552729754857
Crataegus monogyna,0.028694379178508266,86.62178861023172
Eupatorium cannabinum,0.028694379178508266,86.69804992291488
Hirschfeldia incana,0.028428690482410965,86.77360511233243
Rubus ulmifolius,0.028340127583711867,86.84892492732814
Cytisus oromediterraneus,0.028251564685012765,86.92400936790199
Teucrium marum,0.028163001786313663,86.99885843405397
Buphthalmum salicifolium,0.027631624394119068,87.07229525367478
Mentha arvensis,0.027543061495419973,87.14549669887373
Rorippa amphibia,0.027365935698021773,87.21822739522895
Scorzoneroides autumnalis,0.027100247001924472,87.2902519683186
Persicaria maculosa,0.026745995407128076,87.3613350437208
Dianthus carthusianorum,0.026303180913632575,87.43124124701369
Veronica arvensis,0.02612605511623438,87.50067670146285
Cirsium erisithales,0.02594892931883618,87.56964140706829
Scabiosa ochroleuca,0.02594892931883618,87.63860611267373
Coronilla varia,0.025860366420137077,87.70733544385732
Galeopsis tetrahit,0.025860366420137077,87.7760647750409
Horminum pyrenaicum,0.025506114825340678,87.84385260853702
Cardamine pratensis,0.025240426129243376,87.91093431876757
Scabiosa triandra,0.02488617453444698,87.97707453131068
Centaurea spinosa,0.024797611635747886,88.04297936943192
Trifolium hybridum,0.02470904873704878,88.1086488331313
Carduus personata,0.024531922939650584,88.17384754798695
Teucrium chamaedrys,0.024354797142252384,88.2385755139989
Symphoricarpos albus,0.024266234243553286,88.30306810558896
Muscari comosum,0.024177671344854185,88.36732532275717
Stachys recta,0.024177671344854185,88.43158253992539
Jacobaea alpina,0.024089108446155087,88.49560438267173
Rhinanthus minor,0.023911982648756887,88.55915547657436
Cirsium heterophyllum,0.02364629395265959,88.62200044721139
Ballota nigra,0.02329204235786319,88.68390392016099
Linaria vulgaris,0.02329204235786319,88.74580739311058
Rhinanthus freynii,0.02311491656046499,88.80724011721645
Euphorbia cyparissias,0.022937790763066793,88.86820209247861
Arnica montana,0.022672102066969492,88.92845794447517
Lapsana communis,0.022494976269571292,88.98824304762802
Scolymus hispanicus,0.022406413370872194,89.04779277635899
Teucrium brevifolium,0.022229287573473994,89.10687175624625
Cistus calycinus,0.022140724674774896,89.16571536171163
Eryngium campestre,0.021963598877376696,89.2240882183333
Potentilla verna,0.021786473079978497,89.28199032611126
Liriodendron tulipifera,0.021697910181279395,89.33965705946734
Valeriana officinalis,0.0215207843838812,89.3968530439797
Astrantia major,0.021343658586483,89.45357827964834
Petrorhagia saxifraga,0.0212550956877839,89.51006814089513
Cynanchica pyrenaica,0.0210779698903857,89.56608725329818
Gentianella obtusifolia,0.0209008440929875,89.62163561685752
Jasione montana,0.0209008440929875,89.67718398041684
Pallenis spinosa,0.0209008440929875,89.73273234397618
Soldanella alpina,0.0208122811942884,89.78804533311364
Tolpis barbata,0.0207237182955893,89.84312294782926
Hyoseris radiata,0.020458029599492004,89.89749443927928
Lantana camara,0.020369466700792902,89.95163055630744
Sisymbrium loeselii,0.020369466700792902,90.0057666733356
Arctium lappa,0.019926652207297404,90.05872591825445
Coleostephus myconis,0.019838089308598306,90.11144978875146
Dictamnus albus,0.019749526409899205,90.16393828482659
Vicia benghalensis,0.01957240061250101,90.21595603205799
Epilobium hirsutum,0.019483837713801907,90.26773840486754
Echinops sphaerocephalus,0.01939527481510281,90.31928540325522
Viburnum suspensum,0.01939527481510281,90.37083240164291
Agrimonia eupatoria,0.01930671191640371,90.42214402560873
Rosa canina,0.01921814901770461,90.4732202751527
Aesculus × carnea,0.01912958611900551,90.52406115027479
Genista acanthoclada,0.01912958611900551,90.5749020253969
Origanum onites,0.01868677162551001,90.62456602840969
Cirsium pannonicum,0.018332520030713614,90.67328853373503
Solidago canadensis,0.018332520030713614,90.72201103906038
Galium saxatile,0.018243957132014516,90.77049816996387
Rubus caesius,0.018243957132014516,90.81898530086735
Carduus crispus,0.018155394233315414,90.86723705734897
Armeria caespitosa,0.018066831334616316,90.91525343940873
Ligustrum lucidum,0.018066831334616316,90.9632698214685
Myosotis alpestris,0.017801142638519014,91.01058008026267
Opuntia stricta,0.017801142638519014,91.05789033905685
Euphorbia paralias,0.017712579739819916,91.10496522342916
Silene dioica,0.017624016841120815,91.15180473337962
Falcaria vulgaris,0.017535453942421717,91.19840886890822
Polygala fruticosa,0.01744689104372262,91.24477763001494
Spiraea japonica,0.01744689104372262,91.29114639112167
Helianthemum apenninum,0.01718120234762532,91.33680902896282
Trifolium montanum,0.01718120234762532,91.38247166680397
Crepis setosa,0.017004076550227117,91.42766355580139
Odontites vulgaris,0.017004076550227117,91.47285544479881
Lactuca serriola,0.01682695075282892,91.51757658495251
Silene ciliata,0.016561262056731623,91.56159160184062
Thymbra spicata,0.016561262056731623,91.60560661872874
Anthyllis hystrix,0.016295573360634325,91.64891551235127
Cardamine enneaphyllos,0.016295573360634325,91.6922244059738
Galatella linosyris,0.016295573360634325,91.73553329959633
Callistemon citrinus,0.016029884664537024,91.77813606995328
Pycnocomon intermedium,0.015941321765837922,91.82050346588836
Eryngium maritimum,0.015852758867138824,91.86263548740158
Sonchus tenerrimus,0.015852758867138824,91.9047675089148
Philadelphus incanus,0.015764195968439726,91.94666415600616
Silene flos-cuculi,0.015764195968439726,91.98856080309753
Veronica teucrium,0.015764195968439726,92.03045745018889
Cistus albidus,0.015587070171041526,92.07188334843651
Helianthemum oelandicum,0.014878566981448729,92.11142625130927
Lamium galeobdolon,0.014878566981448729,92.15096915418201
Glebionis segetum,0.014790004082749629,92.1902766826329
Crepis foetida,0.014524315386652331,92.22887808781819
Dianthus deltoides,0.014524315386652331,92.26747949300349
Glaucium flavum,0.014524315386652331,92.3060808981888
Phacelia tanacetifolia,0.014435752487953233,92.34444692895222
Carpobrotus acinaciformis,0.014347189589254133,92.3825775852938
Echinops ritro,0.014347189589254133,92.42070824163538
Melampyrum arvense,0.014258626690555033,92.4586035235551
Sedum acre,0.014258626690555033,92.4964988054748
Tripleurospermum inodorum,0.014258626690555033,92.53439408739452
Carduus nutans,0.014170063791855933,92.57205399489237
Galium lucidum,0.014170063791855933,92.60971390239023
Anthemis arvensis,0.014081500893156832,92.64713843546622
Silene latifolia,0.013815812197059534,92.68385684527662
Clematis vitalba,0.013727249298360434,92.72033988066516
Gentiana verna,0.013727249298360434,92.75682291605371
Lamium purpureum,0.013727249298360434,92.79330595144225
Biscutella laevigata,0.013638686399661336,92.82955361240893
Bituminaria bituminosa,0.013638686399661336,92.86580127337562
Dryas octopetala,0.013638686399661336,92.9020489343423
Aconitum napellus,0.013461560602263136,92.93782584646526
Centaurea laconica,0.013461560602263136,92.97360275858821
Cladanthus mixtus,0.013461560602263136,93.00937967071118
Phaseolus vulgaris,0.013461560602263136,93.04515658283414
Prunus domestica,0.013461560602263136,93.0809334949571
Fragaria viridis,0.013372997703564038,93.1164750326582
Rhinanthus major,0.013284434804864938,93.15178119593743
Abutilon indicum,0.013195871906165838,93.18685198479481
Knautia longifolia,0.013195871906165838,93.22192277365218
Melampyrum pratense,0.013195871906165838,93.25699356250956
Asparagus officinalis,0.013107309007466737,93.29182897694507
Cistus halimifolius,0.013018746108767637,93.32642901695873
Sonchus asper,0.013018746108767637,93.36102905697237
Viscaria vulgaris,0.013018746108767637,93.39562909698603
Asteriscus aquaticus,0.012841620311369439,93.42975838815596
Anchusa officinalis,0.01266449451397124,93.46341693048215
Geranium robertianum,0.01266449451397124,93.49707547280836
Allium lusitanicum,0.012398805817873943,93.53002789186898
Bupleurum falcatum,0.012398805817873943,93.5629803109296
Linum tenuifolium,0.012398805817873943,93.59593272999022
Crataegus azarolus,0.012310242919174843,93.62864977462898
Jacobaea maritima,0.012310242919174843,93.66136681926774
Euphrasia stricta,0.012221680020475743,93.69384848948465
Geranium pyrenaicum,0.012133117121776643,93.72609478527968
Lathyrus sylvestris,0.012133117121776643,93.75834108107472
Primula veris,0.012133117121776643,93.79058737686975
Vicia sativa,0.012133117121776643,93.82283367266479
Verbascum levanticum,0.012044554223077543,93.85484459403796
Trollius europaeus,0.011955991324378443,93.88662014098928
Geranium palustre,0.011690302628281145,93.917689564675
Crepis aurea,0.011601739729582046,93.94852361393887
Eriolarynx australis,0.011601739729582046,93.97935766320273
Malva neglecta,0.011601739729582046,94.01019171246661
Silene vulgaris,0.011513176830882946,94.0407903873086
Odontites vernus,0.011247488134785646,94.07068293888503
Peucedanum oreoselinum,0.011247488134785646,94.10057549046145
Teucrium capitatum,0.011247488134785646,94.13046804203786
Lotus fulgurans,0.011158925236086548,94.16012521919242
Magnolia denudata,0.011158925236086548,94.18978239634698
Jacobaea abrotanifolia,0.010893236539989248,94.21873345023596
Scabiosa atropurpurea,0.010893236539989248,94.24768450412493
Cydonia oblonga,0.010804673641290148,94.27640018359205
Salvia nemorosa,0.010804673641290148,94.30511586305916
Bunias orientalis,0.010716110742591049,94.3335961681044
Lotus germanicus,0.010716110742591049,94.36207647314966
Teucrium montanum,0.01062754784389195,94.39032140377304
Knautia kitaibelii,0.01045042204649375,94.41809558555272
Erica erigena,0.01036185914779465,94.44563439291052
Lathyrus latifolius,0.01036185914779465,94.47317320026832
Pastinaca sativa,0.01036185914779465,94.50071200762613
Rabelera holostea,0.01036185914779465,94.52825081498393
Spartium junceum,0.01036185914779465,94.55578962234173
Adenostyles alpina,0.010273296249095551,94.58309305527769
Odontites luteus,0.010273296249095551,94.61039648821362
Prunus spinosa,0.010273296249095551,94.63769992114956
Serratula tinctoria,0.010273296249095551,94.66500335408551
Asphodelus fistulosus,0.010096170451697353,94.69183603817773
Prunus avium,0.010096170451697353,94.71866872226995
Scilla verna,0.010007607552998253,94.7452660319403
Thapsia foetida,0.010007607552998253,94.77186334161067
Filipendula vulgaris,0.009919044654299153,94.79822527685916
Genista tinctoria,0.009919044654299153,94.82458721210766
Petrosedum sediforme,0.009830481755600053,94.85071377293428
Andryala integrifolia,0.009741918856900953,94.87660495933906
Stachys cretica,0.009741918856900953,94.90249614574384
Delphinium consolida,0.009564793059502755,94.92791658330489
Allium carinatum,0.009387667262104556,94.95286627202222
Seseli annuum,0.009387667262104556,94.97781596073955
Crepis vesicaria,0.009299104363405456,95.00253027503501
Centaurea raphanina,0.009033415667308158,95.02653846606489
Fuchsia magellanica,0.009033415667308158,95.05054665709477
Oenothera biennis,0.009033415667308158,95.07455484812465
Saponaria officinalis,0.009033415667308158,95.09856303915453
Sambucus nigra,0.008944852768609058,95.12233585576256
Thapsia villosa,0.008944852768609058,95.14610867237057
Trifolium resupinatum,0.008944852768609058,95.16988148897859
Angelica sylvestris,0.008856289869909958,95.19341893116474
Digitalis thapsi,0.008856289869909958,95.21695637335091
Arctium minus,0.00859060117381266,95.23978769227148
Petasites albus,0.00859060117381266,95.26261901119204
Rhaphiolepis bibas,0.008502038275113559,95.28521495569076
Erigeron canadensis,0.00832491247771536,95.30734015134576
Malva moschata,0.00832491247771536,95.32946534700073
Medicago falcata,0.00832491247771536,95.35159054265573
Spiraea blumei,0.00832491247771536,95.37371573831071
Andryala ragusina,0.00823634957901626,95.39560555954384
Pimpinella peregrina,0.00823634957901626,95.41749538077697
Buxus sempervirens,0.008147786680317163,95.43914982758824
Onopordum acanthium,0.008147786680317163,95.460804274399493
Veronica persica,0.008147786680317163,95.48245872121076
Cerastium fontanum,0.008059223781618063,95.50387779360017
Lupinus polyphyllus,0.008059223781618063,95.52529686598957
Potentilla aurea,0.008059223781618063,95.54671593837897
Senecio ovatus,0.007970660882918961,95.56789963634651
Stachys palustris,0.007970660882918961,95.58908333431405
Fatsia japonica,0.007882097984219863,95.61003165785974
Lycium schweinfurthii,0.007882097984219863,95.63097998140542
Genista anglica,0.007793535085520763,95.65169293052924
Teucrium divaricatum,0.007704972186821664,95.6721705052312
Brassica barrelieri,0.007616409288122564,95.69241270551129
Hedysarum hedysaroides,0.007616409288122564,95.71265490579138
Aster bellidiastrum,0.0073507205920252654,95.73219098280589
Pulicaria dysenterica,0.0073507205920252654,95.75172705982041
Achillea ptarmica,0.0072621576933261656,95.77102776241306
Bryonia cretica,0.0072621576933261656,95.7903284650057
Peucedanum cervaria,0.0072621576933261656,95.80962916759836
Aposeris foetida,0.0071735947946270666,95.82869449576914
Crepis neglecta,0.0071735947946270666,95.84775982393992
Prenanthes purpurea,0.007085031895927967,95.86658977768886
Blackstonia perfoliata,0.006996468997228866,95.88518435701592
Carduus tenuiflorus,0.006996468997228866,95.90377893634299
Dipsacus fullonum,0.006996468997228866,95.92237351567005
Pentanema montanum,0.006996468997228866,95.94096809499712
Jacobaea erucifolia,0.006907906098529767,95.95932729990231
Prunus mahaleb,0.006907906098529767,95.97768650480752
Campanula serrata,0.006819343199830668,95.99581033529086
Achillea clavennae,0.006730780301131568,96.01369879135234
Salvia microphylla,0.006730780301131568,96.03158724741382
Polygala vulgaris,0.006642217402432469,96.04924032905343
Prunus laurocerasus,0.006642217402432469,96.066893410693055
Thymus vulgaris,0.006642217402432469,96.08454649233268
Chaerophyllum aromaticum,0.006553654503733368,96.10196419955044
Euphorbia nicaeensis,0.006553654503733368,96.11938190676818
Potentilla recta,0.006553654503733368,96.13679961398594
Vicia eriocarpa,0.006553654503733368,96.1542173212037
Helichrysum italicum,0.006465091605034269,96.1713996539996
Prasium majus,0.006465091605034269,96.1885819867955
Trifolium fragiferum,0.006465091605034269,96.20576431959138
Carum carvi,0.006376528706335169,96.22271127796542
Convolvulus althaeoides,0.006376528706335169,96.23965823633945
Hieracium bifidum,0.006376528706335169,96.25660519471349
Lathyrus linifolius,0.006376528706335169,96.27355215308752
Malva alcea,0.006376528706335169,96.29049911146156
Asphodelus aestivus,0.00628796580763607,96.30721069541373
Centaurium erythraea,0.00628796580763607,96.3239222793659
Reseda alba,0.00628796580763607,96.34063386331808
Stachys sylvatica,0.00628796580763607,96.35734544727025
Arbutus unedo,0.006199402908936971,96.37382165680056
Clematis flammula,0.006199402908936971,96.39029786633087
Helleborus niger,0.006199402908936971,96.40677407586118
Hypericum triquetrifolium,0.006199402908936971,96.42325028539149
Allium saxatile,0.0061108400102378715,96.43949112049994
Potentilla argentea,0.0061108400102378715,96.45573195560839
Reseda media,0.0061108400102378715,96.47197279071683
Trifolium arvense,0.0061108400102378715,96.48821362582528
Euphorbia pithyusa,0.006022277111538772,96.50421908651187
Gentiana clusii,0.006022277111538772,96.52022454719845
Sedum candolleanum,0.006022277111538772,96.53623000788504
Senecio nemorensis,0.006022277111538772,96.55223546857162
Thymelaea hirsuta,0.006022277111538772,96.56824092925821
Veronica orchidea,0.006022277111538772,96.5842463899448
Cota tinctoria,0.005933714212839672,96.60001647620953
Hylotelephium telephium,0.005933714212839672,96.61578656247426
Trifolium badium,0.005933714212839672,96.63155664873898
Fragaria vesca,0.005845151314140573,96.64709136058184
Magnolia stellata,0.005845151314140573,96.6626260724247
Calendula arvensis,0.005756588415441473,96.67792540984571
Calystegia soldanella,0.005756588415441473,96.69322474726671
Peucedanum officinale,0.005756588415441473,96.70852408468771
Senecio varicosus,0.005756588415441473,96.72382342210872
Anthemis chia,0.005668025516742373,96.73888738510786
Barbarea vulgaris,0.005668025516742373,96.753951348107
Biscutella intermedia,0.005668025516742373,96.76901531110614
Cirsium oleraceum,0.005668025516742373,96.78407927410528
Gentiana lutea,0.005668025516742373,96.79914323710442
Juniperus communis,0.005668025516742373,96.81420720010357
Allium subvillosum,0.005579462618043274,96.82903578868084
Cytisus scoparius,0.005579462618043274,96.84386437725811
Veronica barrelieri,0.005579462618043274,96.8586929658354
Veronica officinalis,0.005579462618043274,96.87352155441268
Cephalaria transsylvanica,0.005490899719344174,96.8881147685681
Ferula tingitana,0.005490899719344174,96.90270798272351
Globularia vulgaris,0.005490899719344174,96.91730119687894
Urospermum picroides,0.005490899719344174,96.93189441103435
Anthriscus nitida,0.005402336820645074,96.9462522507679
Ononis natrix,0.005402336820645074,96.96061009050146
Scrophularia nodosa,0.005402336820645074,96.97496793023502
Verbascum densiflorum,0.005402336820645074,96.98932576996857
Viburnum lantana,0.005402336820645074,97.00368360970214
Symphytum × uplandicum,0.005313773921945975,97.01780607501382
Escallonia rubra,0.005225211023246875,97.03169316590366
Epilobium parviflorum,0.0051366481245477755,97.04534488237162
Launaea cervicornis,0.0051366481245477755,97.0589965988396
Nigella damascena,0.0051366481245477755,97.07264831530757
Quercus coccifera,0.0051366481245477755,97.08630003177554
Reichardia picroides,0.0051366481245477755,97.09995174824351
Crepis paludosa,0.0050480852258486765,97.11336809028963
Diplotaxis tenuifolia,0.0050480852258486765,97.12678443233574
Erophaca baetica,0.0050480852258486765,97.14020077438184
Knautia collina,0.0050480852258486765,97.15361711642795
Lepidium draba,0.0050480852258486765,97.16703345847407
Ranunculus auricomus,0.0050480852258486765,97.18044980052018
Aruncus dioicus,0.004959522327149577,97.19363076814442
Rosa dumalis,0.004959522327149577,97.20681173576867
Physocarpus opulifolius,0.004870959428450477,97.21975732897106
Valeriana montana,0.004870959428450477,97.23270292217344
Oxytropis montana,0.004782396529751378,97.24541314095397
Tragopogon orientalis,0.004782396529751378,97.2581233597345
Vicia villosa,0.004782396529751378,97.27083357851502
Allium sphaerocephalon,0.004693833631052278,97.28330842287369
Astragalus monspessulanus,0.004693833631052278,97.29578326723235
Linum catharticum,0.004693833631052278,97.30825811159102
Pentanema ensifolium,0.004693833631052278,97.32073295594968
Sedum sexangulare,0.004693833631052278,97.33320780030833
Viburnum opulus,0.004693833631052278,97.345682644667
Erysimum crepidifolium,0.004605270732353178,97.3579221146038
Onobrychis supina,0.004516707833654079,97.36992621011875
Centaurea nervosa,0.004428144934954979,97.38169493121183
Oxalis articulata,0.004428144934954979,97.3934636523049
Stachys germanica,0.004428144934954979,97.40523237339798
Vicia pyrenaica,0.004428144934954979,97.41700109449106
Euphrasia willkommii,0.004339582036255879,97.42853444116227
Hibiscus syriacus,0.004339582036255879,97.4400677878335
Prunella laciniata,0.004339582036255879,97.45160113450471
Pseudopodospermum elatum,0.004339582036255879,97.46313448117593
Thymus serpyllum,0.004339582036255879,97.47466782784714
Cotoneaster frigidus,0.004251019137556779,97.4859658000965
Epilobium montanum,0.004251019137556779,97.49726377234586
Erica scoparia,0.004251019137556779,97.50856174459521
Ulex australis,0.004251019137556779,97.51985971684456
Armeria maritima,0.00416245623885768,97.53092231467205
Chelidonium majus,0.00416245623885768,97.54198491249956
Lobularia maritima,0.00416245623885768,97.55304751032705
Saxifraga caesia,0.00416245623885768,97.56411010815454
Saxifraga granulata,0.00416245623885768,97.57517270598204
Seseli libanotis,0.00416245623885768,97.58623530380953
Tuberaria guttata,0.00416245623885768,97.59729790163702
Aesculus hippocastanum,0.004073893340158581,97.60812512504266
Gentiana pannonica,0.004073893340158581,97.61895234844829
Lotus pedunculatus,0.004073893340158581,97.62977957185392
Saxifraga aizoides,0.004073893340158581,97.64060679525956
Dactylorhiza maculata,0.0039853304414594806,97.65119864424332
Vinca difformis,0.0039853304414594806,97.6617904932271
Campanula cochleariifolia,0.0038967675427603815,97.672146967789
Capsella bursa-pastoris,0.0038967675427603815,97.68250344235092
Euphorbia dendroides,0.0038967675427603815,97.69285991691282
Kundmannia sicula,0.0038967675427603815,97.70321639147474
Santolina chamaecyparissus,0.0038967675427603815,97.71357286603664
Valeriana rubra,0.0038967675427603815,97.72392934059856
Diplotaxis ibicensis,0.003808204644061282,97.7340504407386
Lathyrus oleraceus,0.003808204644061282,97.74417154087865
Oxalis corniculata,0.003808204644061282,97.7542926410187
Persicaria lapathifolia,0.003808204644061282,97.76441374115875
Sedum album,0.003808204644061282,97.77453484129879
Astragalus glycyphyllos,0.0037196417453621822,97.78442056701698
Buddleja globosa,0.0037196417453621822,97.79430629273516
Lysimachia vulgaris,0.0037196417453621822,97.80419201845335
Vaccinium × hybridum,0.0037196417453621822,97.81407774417154
Ajuga genevensis,0.0036310788466630828,97.82372809546786
Cherleria capillacea,0.0036310788466630828,97.83337844676419
Erica cinerea,0.0036310788466630828,97.84302879806052
Hieracium glaucum,0.0036310788466630828,97.85267914935683
Plumbago auriculata,0.0036310788466630828,97.86232950065316
Polygonum aviculare,0.0036310788466630828,97.87197985194949
Chamaemelum nobile,0.0035425159479639833,97.88139482882394
Cornus alba,0.0035425159479639833,97.89080980569841
Lomelosia stellata,0.0035425159479639833,97.90022478257288
Lonicera xylosteum,0.0035425159479639833,97.90963975944733
Lysimachia europaea,0.0035425159479639833,97.9190547363218
Pentaglottis sempervirens,0.0035425159479639833,97.92846971319626
Tilia europaea,0.0035425159479639833,97.93788469007073
Bistorta officinalis,0.0034539530492648835,97.94706429252332
Crepis mollis,0.0034539530492648835,97.95624389497593
Sorbaria sorbifolia,0.0034539530492648835,97.96542349742853
Vicia tetrasperma,0.0034539530492648835,97.97460309988114
Viola hirta,0.0034539530492648835,97.98378270233373
Campanula portenschlagiana,0.003365390150565784,97.99272693036447
Campanula rapunculus,0.003365390150565784,98.00167115839521
Phytolacca americana,0.003365390150565784,98.01061538642595
Pilosella argyrocoma,0.003365390150565784,98.0195596144567
Rubus armeniacus,0.003365390150565784,98.02850384248744
Scrophularia auriculata,0.003365390150565784,98.03744807051817
Senecio vernalis,0.003365390150565784,98.04639229854891
Stellaria aquatica,0.003365390150565784,98.05533652657965
Thymelaea velutina,0.003365390150565784,98.0642807546104
Tolpis staticifolia,0.003365390150565784,98.07322498264114
Vicia hybrida,0.003365390150565784,98.08216921067188
Anchusa hybrida,0.003276827251866684,98.09087806428074
Aster amellus,0.003276827251866684,98.09958691788962
Crepis tectorum,0.003276827251866684,98.1082957714985
Galeopsis speciosa,0.003276827251866684,98.11700462510738
Laserpitium gallicum,0.003276827251866684,98.12571347871626
Malus sylvestris,0.003276827251866684,98.13442233232514
Nepeta racemosa,0.003276827251866684,98.14313118593402
Orobanche gracilis,0.003276827251866684,98.1518400395429
Aetheorhiza bulbosa,0.0031882643531675847,98.16031351872992
Chaerophyllum temulum,0.0031882643531675847,98.16878699791694
Frankenia hirsuta,0.0031882643531675847,98.17726047710394
Linum usitatissimum,0.0031882643531675847,98.18573395629096
Photinia serratifolia,0.0031882643531675847,98.19420743547798
Pimpinella cretica,0.0031882643531675847,98.202680914665
Pyrus communis,0.0031882643531675847,98.21115439385201
Ranunculus gramineus,0.0031882643531675847,98.21962787303903
Sherardia arvensis,0.0031882643531675847,98.22810135222605
Urospermum dalechampii,0.0031882643531675847,98.23657483141307
Cistus inflatus,0.0030997014544684857,98.24481293617822
Gentianella rhaetica,0.0030997014544684857,98.25305104094338
Philadelphus coronarius,0.0030997014544684857,98.26128914570853
Trachelospermum jasminoides,0.0030997014544684857,98.26952725047369
Tussilago farfara,0.0030997014544684857,98.27776535523884
Camellia sinensis,0.003011138555769386,98.28576808558213
Empetrum nigrum,0.003011138555769386,98.29377081592543
Fallopia baldschuanica,0.003011138555769386,98.30177354626872
Hypericum empetrifolium,0.003011138555769386,98.30977627661201
Mutellina purpurea,0.003011138555769386,98.3177790069553
Stachys heraclea,0.003011138555769386,98.3257817372986
Torilis japonica,0.003011138555769386,98.33378446764189
Trifolium nigrescens,0.003011138555769386,98.3417871979852
Willemetia stipitata,0.003011138555769386,98.34978992832849
Centaurea pectinata,0.0029225756570702864,98.35755728424992
Daucus guttatus,0.0029225756570702864,98.36532464017135
Eschscholzia californica,0.0029225756570702864,98.37309199609278
Geranium dissectum,0.0029225756570702864,98.38085935201421
Lupinus angustifolius,0.0029225756570702864,98.38862670793564
Myosotis ramosissima,0.0029225756570702864,98.39639406385707
Pedicularis sylvatica,0.0029225756570702864,98.4041614197785
Phagnalon rupestre,0.0029225756570702864,98.41192877569993
Salix viminalis,0.0029225756570702864,98.41969613162138
Senecio rupestris,0.0029225756570702864,98.42746348754281
Tanacetum corymbosum,0.0029225756570702864,98.43523084346424
Anthyllis hermanniae,0.0028340127583711865,98.44276282496381
Digitalis purpurea,0.0028340127583711865,98.45029480646338
Erysimum odoratum,0.0028340127583711865,98.45782678796294
Medicago arborea,0.0028340127583711865,98.46535876946251
Pilosella piloselloides,0.0028340127583711865,98.4728907509621
Retama sphaerocarpa,0.0028340127583711865,98.48042273246166
Silene acaulis,0.0028340127583711865,98.48795471396123
Urtica dioica,0.0028340127583711865,98.4954866954608
Viola arvensis,0.0028340127583711865,98.50301867696037
Gymnadenia conopsea,0.002745449859672087,98.51031528403809
Hieracium lachenalii,0.002745449859672087,98.51761189111579
Robinia pseudoacacia,0.002745449859672087,98.5249084981935
Brugmansia arborea,0.0026568869609729876,98.53196973084934
Cotoneaster franchetii,0.0026568869609729876,98.5390309635052
Rhinanthus rumelicus,0.0026568869609729876,98.54609219616104
Sanguisorba minor,0.0026568869609729876,98.55315342881688
Thlaspi arvense,0.0026568869609729876,98.56021466147273
Valeriana excelsa,0.0026568869609729876,98.56727589412858
Verbascum phlomoides,0.0026568869609729876,98.57433712678443
Bartsia alpina,0.0025683240622738877,98.58116298501841
Leucanthemum adustum,0.0025683240622738877,98.5879888432524
Linum suffruticosum,0.0025683240622738877,98.59481470148638
Oenanthe pimpinelloides,0.0025683240622738877,98.60164055972037
Phlomis fruticosa,0.0025683240622738877,98.60846641795436
Rumex acetosa,0.0025683240622738877,98.61529227618834
Thymus dolomiticus,0.0025683240622738877,98.62211813442232
Verbascum nigrum,0.0025683240622738877,98.62894399265632
Calicotome spinosa,0.0024797611635747883,98.63553447646844
Carduus pycnocephalus,0.0024797611635747883,98.64212496028057
Erodium cicutarium,0.0024797611635747883,98.64871544409269
Hypericum androsaemum,0.0024797611635747883,98.6553059279048
Hypochaeris achyrophorus,0.0024797611635747883,98.66189641171694
Jasminum mesnyi,0.0024797611635747883,98.66848689552906
Lysimachia nemorum,0.0024797611635747883,98.67507737934119
Parthenocissus quinquefolia,0.0024797611635747883,98.68166786315331
Scorzonera humilis,0.0024797611635747883,98.68825834696543
Scrophularia canina,0.0024797611635747883,98.69484883077756
Stellaria media,0.0024797611635747883,98.70143931458968
Tragopogon pratensis,0.0024797611635747883,98.70802979840181
Globularia cordifolia,0.002391198264875689,98.71438490779207
Helleborus viridis,0.002391198264875689,98.72074001718232
Melampyrum sylvaticum,0.002391198264875689,98.72709512657259
Ornithogalum narbonense,0.002391198264875689,98.73345023596285
Trigonella balansae,0.002391198264875689,98.73980534535312
Viola biflora,0.002391198264875689,98.74616045474338
Aethusa cynapium,0.002302635366176589,98.75228018971178
Clinopodium nepeta,0.002302635366176589,98.75839992468018
Geranium pusillum,0.002302635366176589,98.76451965964858
Geum urbanum,0.002302635366176589,98.77063939461698
Limonium minutum,0.002302635366176589,98.77675912958539
Primula farinosa,0.002302635366176589,98.78287886455378
Reseda luteola,0.002302635366176589,98.78899859952219
Silene gallica,0.002302635366176589,98.79511833449058
Chaerophyllum aureum,0.0022140724674774895,98.80100269503713
Lysimachia clethroides,0.0022140724674774895,98.80688705558367
Portulaca oleracea,0.0022140724674774895,98.8127714161302
Senna corymbosa,0.0022140724674774895,98.81865577667675
Trifolium clypeatum,0.0022140724674774895,98.82454013722328
Xeranthemum cylindraceum,0.0022140724674774895,98.83042449776983
Abelia chinensis,0.0021255095687783897,98.8360734838945
Adenostyles alliariae,0.0021255095687783897,98.84172247001918
Allium atropurpureum,0.0021255095687783897,98.84737145614386
Androsace chamaejasme,0.0021255095687783897,98.85302044226853
Astragalus balearicus,0.0021255095687783897,98.85866942839321
Galium anisophyllon,0.0021255095687783897,98.8643184145179
Ruta chalepensis,0.0021255095687783897,98.86996740064257
Ulex europaeus,0.0021255095687783897,98.87561638676725
Alchemilla vulgaris,0.0020369466700792906,98.88102999847007
Alkanna tinctoria,0.0020369466700792906,98.88644361017288
Argentina anserina,0.0020369466700792906,98.8918572218757
Astragalus cicer,0.0020369466700792906,98.89727083357852
Coriandrum sativum,0.0020369466700792906,98.90268444528132
Erigeron glabratus,0.0020369466700792906,98.90809805698414
Myosotis arvensis,0.0020369466700792906,98.91351166868697
Ornithogalum pyramidale,0.0020369466700792906,98.91892528038977
Sida rhombifolia,0.0020369466700792906,98.92433889209259
Sulla coronaria,0.0020369466700792906,98.92975250379541
Viola reichenbachiana,0.0020369466700792906,98.93516611549822
Anacamptis pyramidalis,0.0019483837713801908,98.94034435277918
Begonia cucullata,0.0019483837713801908,98.94552259006014
Geranium molle,0.0019483837713801908,98.9507008273411
Gladiolus illyricus,0.0019483837713801908,98.95587906462204
Hieracium piliferum,0.0019483837713801908,98.961057301903
Lophiolepis eriophora,0.0019483837713801908,98.96623553918396
Melissa officinalis,0.0019483837713801908,98.97141377646491
Phedimus hybridus,0.0019483837713801908,98.97659201374586
Pyracantha coccinea,0.0019483837713801908,98.98177025102682
Ranunculus alpestris,0.0019483837713801908,98.98694848830777
Scutellaria altissima,0.0019483837713801908,98.99212672558873
Stachys byzantina,0.0019483837713801908,98.99730496286968
Campanula barbata,0.0018598208726810911,99.00224782572877
Campanula trachelium,0.0018598208726810911,99.00719068858787
Cytisus striatus,0.0018598208726810911,99.01213355144696
Foeniculum vulgare,0.0018598208726810911,99.01707641430605
Galeopsis ladanum,0.0018598208726810911,99.02201927716514
Helichrysum arenarium,0.0018598208726810911,99.02696214002424
Lotus tenuis,0.0018598208726810911,99.03190500288333
Malus domestica,0.0018598208726810911,99.03684786574243
Muscari weissii,0.0018598208726810911,99.04179072860151
Pilosella vahlii,0.0018598208726810911,99.04673359146061
Sanguisorba officinalis,0.0018598208726810911,99.0516764543197
Taraxacum levigatum,0.0018598208726810911,99.0566193171788
Valeriana saxatilis,0.0018598208726810911,99.0615621800379
Campanula lyrata,0.0017712579739819917,99.06626966847513
Crocus vernus,0.0017712579739819917,99.07097715691235
Euphorbia flavicoma,0.0017712579739819917,99.07568464534958
Fumaria officinalis,0.0017712579739819917,99.08039213378682
Galium aparine,0.0017712579739819917,99.08509962222405
Phyteuma betonicifolium,0.0017712579739819917,99.08980711066128
Teucrium rouyanum,0.0017712579739819917,99.09451459909852
Verbascum sinuatum,0.0017712579739819917,99.09922208753575
Withania frutescens,0.0017712579739819917,99.10392957597297
Anemonoides nemorosa,0.001682695075282892,99.10840168998834
Armeria velutina,0.001682695075282892,99.11287380400371
Bistorta vivipara,0.001682695075282892,99.11734591801908
Euphorbia esula,0.001682695075282892,99.12181803203445
Gentiana cruciata,0.001682695075282892,99.12629014604983
Geranium columbinum,0.001682695075282892,99.1307622600652
Gypsophila repens,0.001682695075282892,99.13523437408057
Hyacinthoides non-scripta,0.001682695075282892,99.13970648809594
Impatiens parviflora,0.001682695075282892,99.14417860211131
Verbascum lychnitis,0.001682695075282892,99.14865071612668
Acer pseudoplatanus,0.0015941321765837924,99.15288745572018
Achillea distans,0.0015941321765837924,99.15712419531368
Achillea filipendulina,0.0015941321765837924,99.1613609349072
Aconitum lycoctonum,0.0015941321765837924,99.1655976745007
Erica umbellata,0.0015941321765837924,99.16983441409421
Lamium maculatum,0.0015941321765837924,99.17407115368772
Malus prunifolia,0.0015941321765837924,99.17830789328123
Phyteuma spicatum,0.0015941321765837924,99.18254463287474
Polygala amara,0.0015941321765837924,99.18678137246825
Quercus ilex,0.0015941321765837924,99.19101811206176
Saxifraga rotundifolia,0.0015941321765837924,99.19525485165526
Spergularia purpurea,0.0015941321765837924,99.19949159124877
Teucrium pyrenaicum,0.0015941321765837924,99.20372833084228
Thymus mastichina,0.0015941321765837924,99.20796507043579
Tilia cordata,0.0015941321765837924,99.2122018100293
Chondrilla juncea,0.001505569277884693,99.21620317520095
Heliosperma alpestre,0.001505569277884693,99.22020454037259
Hieracium villosum,0.001505569277884693,99.22420590554424
Lonicera periclymenum,0.001505569277884693,99.22820727071588
Medicago marina,0.001505569277884693,99.23220863588753
Ononis pubescens,0.001505569277884693,99.23621000105918
Calicotome villosa,0.0014170063791855932,99.23997599180896
Campanula medium,0.0014170063791855932,99.24374198255875
Chaerophyllum bulbosum,0.0014170063791855932,99.24750797330854
Chamaecytisus hirsutus,0.0014170063791855932,99.25127396405833
Helichrysum serotinum,0.0014170063791855932,99.25503995480811
Heliosperma pusillum,0.0014170063791855932,99.2588059455579
Homogyne alpina,0.0014170063791855932,99.26257193630768
Lathyrus tuberosus,0.0014170063791855932,99.26633792705746
Melilotus altissimus,0.0014170063791855932,99.27010391780725
Teucrium scorodonia,0.0014170063791855932,99.27386990855703
Aphyllanthes monspeliensis,0.0013284434804864938,99.27740052488495
Centaurea reichenbachii,0.0013284434804864938,99.280931141212875
Circaea lutetiana,0.0013284434804864938,99.28446175754081
Erodium chium,0.0013284434804864938,99.28799237386873
Gentianella praecox,0.0013284434804864938,99.29152299019665
Geranium nodosum,0.0013284434804864938,99.29505360652458
Iris pseudacorus,0.0013284434804864938,99.2985842228525
Legousia pentagonia,0.0013284434804864938,99.30211483918042
Linaria purpurea,0.0013284434804864938,99.30564545550834
Mentha aquatica,0.0013284434804864938,99.30917607183628
Nicandra physalodes,0.0013284434804864938,99.3127066881642
Scandix pecten-veneris,0.0013284434804864938,99.31623730449212
Seseli montanum,0.0013284434804864938,99.31976792082004
Stachys alpina,0.0013284434804864938,99.32329853714796
Vincetoxicum hirundinaria,0.0013284434804864938,99.32682915347588
Campanula alpina,0.0012398805817873941,99.33012439538194
Cistus libanotis,0.0012398805817873941,99.33341963728802
Crupina crupinastrum,0.0012398805817873941,99.33671487919408
Cynara cardunculus,0.0012398805817873941,99.34001012110014
Dasiphora fruticosa,0.0012398805817873941,99.3433053630062
Ephedra fragilis,0.0012398805817873941,99.34660060491225
Epipactis atrorubens,0.0012398805817873941,99.34989584681833
Galinsoga quadriradiata,0.0012398805817873941,99.35319108872439
Galium pusillum,0.0012398805817873941,99.35648633063045
Helianthus tuberosus,0.0012398805817873941,99.3597815725365
Lavandula multifida,0.0012398805817873941,99.36307681444256
Malva arborea,0.0012398805817873941,99.36637205634864
Myosotis sylvatica,0.0012398805817873941,99.3696672982547
Oxalis debilis,0.0012398805817873941,99.37296254016076
Pistacia lentiscus,0.0012398805817873941,99.37625778206682
Plantago major,0.0012398805817873941,99.37955302397287
Polygala calcarea,0.0012398805817873941,99.38284826587895
Ranunculus paludosus,0.0012398805817873941,99.38614350778501
Rosa corymbifera,0.0012398805817873941,99.38943874969107
Salvia yangii,0.0012398805817873941,99.39273399159713
Satureja montana,0.0012398805817873941,99.39602923350319
Saxifraga androsacea,0.0012398805817873941,99.39932447540926
Symphytum asperum,0.0012398805817873941,99.40261971731532
Valeriana calcitrapae,0.0012398805817873941,99.40591495922138
Ziziphus jujuba,0.0012398805817873941,99.40921020112744
Anthericum liliago,0.0011513176830882945,99.41227006861163
Aquilegia vulgaris,0.0011513176830882945,99.41532993609584
Clinopodium acinos,0.0011513176830882945,99.41838980358004
Diplotaxis virgata,0.0011513176830882945,99.42144967106424
Euonymus europaeus,0.0011513176830882945,99.42450953854845
Galega officinalis,0.0011513176830882945,99.42756940603265
Hornungia alpina,0.0011513176830882945,99.43062927351684
Hypericum richeri,0.0011513176830882945,99.43368914100104
Leucanthemum graminifolium,0.0011513176830882945,99.43674900848525
Polygonum maritimum,0.0011513176830882945,99.43980887596945
Rhodothamnus chamaecistus,0.0011513176830882945,99.44286874345364
Trifolium dubium,0.0011513176830882945,99.44592861093784
Veronica spicata,0.0011513176830882945,99.44898847842205
Agastache urticifolia,0.0010627547843891948,99.45181297148439
Alcea rosea,0.0010627547843891948,99.45463746454672
Allium schoenoprasum,0.0010627547843891948,99.45746195760907
Anchusa arvensis,0.0010627547843891948,99.4602864506714
Brachyglottis greyi,0.0010627547843891948,99.46311094373374
Campanula spicata,0.0010627547843891948,99.46593543679607
Carlina lanata,0.0010627547843891948,99.46875992985842
Cerastium arvense,0.0010627547843891948,99.47158442292076
Cirsium spinosissimum,0.0010627547843891948,99.47440891598309
Coronilla minima,0.0010627547843891948,99.47723340904544
Cruciata laevipes,0.0010627547843891948,99.48005790210777
Echinacea purpurea,0.0010627547843891948,99.48288239517011
Erigeron glaucus,0.0010627547843891948,99.48570688823246
Helleborus foetidus,0.0010627547843891948,99.48853138129479
Hesperis matronalis,0.0010627547843891948,99.49135587435713
Himantoglossum hircinum,0.0010627547843891948,99.49418036741947
Lactuca muralis,0.0010627547843891948,99.49700486048181
Lamium amplexicaule,0.0010627547843891948,99.49982935354414
Lamium hybridum,0.0010627547843891948,99.50265384660649
Leucanthemum halleri,0.0010627547843891948,99.50547833966883
Oxalis acetosella,0.0010627547843891948,99.50830283273116
Pallenis maritima,0.0010627547843891948,99.5111273257935
Pedicularis rostratospicata,0.0010627547843891948,99.51395181885584
Pentanema squarrosum,0.0010627547843891948,99.51677631191818
Physalis peruviana,0.0010627547843891948,99.51960080498051
Pulsatilla vulgaris,0.0010627547843891948,99.52242529804286
Reseda phyteuma,0.0010627547843891948,99.5252497911052
Siler montanum,0.0010627547843891948,99.52807428416753
Stachys arvensis,0.0010627547843891948,99.53089877722988
Althaea officinalis,9.741918856900954e-4,99.53348789587035
Anthyllis montana,9.741918856900954e-4,99.53607701451082
Arenaria aggregata,9.741918856900954e-4,99.53866613315131
Daboecia cantabrica,9.741918856900954e-4,99.54125525179178
Dianthus caryophyllus,9.741918856900954e-4,99.54384437043227
Gagea nevadensis,9.741918856900954e-4,99.54643348907274
Gentianopsis ciliata,9.741918856900954e-4,99.54902260771321
Leucanthemum × superbum,9.741918856900954e-4,99.5516117263537
Linaria viscosa,9.741918856900954e-4,99.55420084499417
Malva subovata,9.741918856900954e-4,99.55678996363464
Polygala alpestris,9.741918856900954e-4,99.55937908227513
Silene colorata,9.741918856900954e-4,99.5619682009156
Teucrium botrys,9.741918856900954e-4,99.56455731955609
Aubrieta deltoidea,8.856289869909958e-4,99.5669110637747
Calendula officinalis,8.856289869909958e-4,99.5692648079933
Campanula poscharskyana,8.856289869909958e-4,99.57161855221193
Chenopodium album,8.856289869909958e-4,99.57397229643054
Cuscuta campestris,8.856289869909958e-4,99.57632604064916
Daphne mezereum,8.856289869909958e-4,99.57867978486777
Euphorbia terracina,8.856289869909958e-4,99.5810335290864
Fagopyrum esculentum,8.856289869909958e-4,99.58338727330501
Geranium macrorrhizum,8.856289869909958e-4,99.58574101752362
Heliotropium europaeum,8.856289869909958e-4,99.58809476174224
Lamium orvala,8.856289869909958e-4,99.59044850596085
Lotus hirsutus,8.856289869909958e-4,99.59280225017947
Lysimachia arvensis,8.856289869909958e-4,99.59515599439808
Lythrum junceum,8.856289869909958e-4,99.5975097386167
Melampyrum italicum,8.856289869909958e-4,99.59986348283532
Micromeria nervosa,8.856289869909958e-4,99.60221722705393
Ornithogalum umbellatum,8.856289869909958e-4,99.60457097127255
Persicaria orientalis,8.856289869909958e-4,99.60692471549116
Petrosedum ochroleucum,8.856289869909958e-4,99.60927845970978
Phyteuma scorzonerifolium,8.856289869909958e-4,99.6116322039284
Solanum tuberosum,8.856289869909958e-4,99.613985948147
Thalictrum aquilegiifolium,8.856289869909958e-4,99.61633969236563
Valeriana tripteris,8.856289869909958e-4,99.61869343658424
Verbena bonariensis,8.856289869909958e-4,99.62104718080286
Viola declinata,8.856289869909958e-4,99.62340092502147
Viola riviniana,8.856289869909958e-4,99.6257546692401
Allium exile,7.970660882918962e-4,99.62787303903684
Anthemis auriculata,7.970660882918962e-4,99.6299914088336
Anthemis rigida,7.970660882918962e-4,99.63210977863035
Arabis hirsuta,7.970660882918962e-4,99.63422814842711
Brassica rapa,7.970660882918962e-4,99.63634651822386
Campanula latifolia,7.970660882918962e-4,99.63846488802062
Cardopatium corymbosum,7.970660882918962e-4,99.64058325781737
Centaurea triumfettii,7.970660882918962e-4,99.64270162761413
Euphorbia helioscopia,7.970660882918962e-4,99.64481999741088
Fumana ericoides,7.970660882918962e-4,99.64693836720762
Myosotis martini,7.970660882918962e-4,99.64905673700439
Salix aurita,7.970660882918962e-4,99.65117510680113
Scabiosa canescens,7.970660882918962e-4,99.6532934765979
Senecio vulgaris,7.970660882918962e-4,99.65541184639464
Sesamoides purpurascens,7.970660882918962e-4,99.6575302161914
Sinapis alba,7.970660882918962e-4,99.65964858598815
Trifolium stellatum,7.970660882918962e-4,99.66176695578491
Vicia cretica,7.970660882918962e-4,99.66388532558166
Achillea atrata,7.085031895927966e-4,99.66576832095656
Apium graveolens,7.085031895927966e-4,99.66765131633144
Bellardia trixago,7.085031895927966e-4,99.66953431170634
Centaurea montana,7.085031895927966e-4,99.67141730708124
Crataegus laevigata,7.085031895927966e-4,99.67330030245613
Crepis terglouensis,7.085031895927966e-4,99.67518329783103
Cynoglossum officinale,7.085031895927966e-4,99.67706629320591
Doronicum austriacum,7.085031895927966e-4,99.67894928858081
Echinocystis lobata,7.085031895927966e-4,99.6808322839557
Fragaria moschata,7.085031895927966e-4,99.6827152793306
Fumana procumbens,7.085031895927966e-4,99.68459827470548
Genista pilosa,7.085031895927966e-4,99.68648127008038
Gladiolus imbricatus,7.085031895927966e-4,99.68836426545526
Hieracium alpinum,7.085031895927966e-4,99.69024726083016
Impatiens noli-tangere,7.085031895927966e-4,99.69213025620506
Lonicera ligustrina,7.085031895927966e-4,99.69401325157995
Malva thuringiaca,7.085031895927966e-4,99.69589624695485
Persea americana,7.085031895927966e-4,99.69777924232973
Phlomis purpurea,7.085031895927966e-4,99.69966223770463
Sideritis romana,7.085031895927966e-4,99.70154523307951
Smyrnium olusatrum,7.085031895927966e-4,99.70342822845441
Solanum dulcamara,7.085031895927966e-4,99.7053112238293
Sorbus aucuparia,7.085031895927966e-4,99.7071942192042
Tagetes erecta,7.085031895927966e-4,99.70907721457908
Tanacetum parthenium,7.085031895927966e-4,99.71096020995398
Trifolium alexandrinum,7.085031895927966e-4,99.71284320532887
Ulex gallii,7.085031895927966e-4,99.71472620070377
Weigela florida,7.085031895927966e-4,99.71660919607866
Acer campestre,6.199402908936971e-4,99.71825681703169
Anchusa azurea,6.199402908936971e-4,99.71990443798472
Anchusa undulata,6.199402908936971e-4,99.72155205893775
Anthemis aciphylla,6.199402908936971e-4,99.72319967989078
Cephalaria radiata,6.199402908936971e-4,99.72484730084382
Crepis multiflora,6.199402908936971e-4,99.72649492179684
Cuscuta epithymum,6.199402908936971e-4,99.72814254274988
Glandora prostrata,6.199402908936971e-4,99.7297901637029
Hieracium pilosum,6.199402908936971e-4,99.73143778465594
Hymenonema graecum,6.199402908936971e-4,99.73308540560897
Hypericum hirsutum,6.199402908936971e-4,99.734733026562
Hypochaeris glabra,6.199402908936971e-4,99.73638064751503
Lathyrus clymenum,6.199402908936971e-4,99.73802826846806
Medicago littoralis,6.199402908936971e-4,99.7396758894211
Potentilla montana,6.199402908936971e-4,99.74132351037413
Primula auricula,6.199402908936971e-4,99.74297113132715
Ranunculus ficaria,6.199402908936971e-4,99.74461875228019
Ribes uva-crispa,6.199402908936971e-4,99.74626637323321
Sisymbrium officinale,6.199402908936971e-4,99.74791399418625
Tordylium apulum,6.199402908936971e-4,99.74956161513929
Trinia glauca,6.199402908936971e-4,99.75120923609231
Aesculus parviflora,5.313773921945974e-4,99.75262148262348
Alliaria petiolata,5.313773921945974e-4,99.75403372915464
Allium ursinum,5.313773921945974e-4,99.75544597568582
Anemone palmata,5.313773921945974e-4,99.75685822221699
Angelica archangelica,5.313773921945974e-4,99.75827046874815
Bellis annua,5.313773921945974e-4,99.75968271527933
Carex panicea,5.313773921945974e-4,99.7610949618105
Convolvulus cantabrica,5.313773921945974e-4,99.76250720834166
Cotoneaster acutifolius,5.313773921945974e-4,99.76391945487283
Crepis pulchra,5.313773921945974e-4,99.76533170140401
Echinops exaltatus,5.313773921945974e-4,99.76674394793517
Echium sabulicola,5.313773921945974e-4,99.76815619446634
Erysimum pusillum,5.313773921945974e-4,99.76956844099752
Eurybia divaricata,5.313773921945974e-4,99.77098068752868
Globularia nudicaulis,5.313773921945974e-4,99.77239293405985
Heliotropium dolosum,5.313773921945974e-4,99.77380518059103
Heuchera sanguinea,5.313773921945974e-4,99.77521742712219
Hieracium murorum,5.313773921945974e-4,99.77662967365336
Hypochaeris maculata,5.313773921945974e-4,99.77804192018453
Laburnum × watereri,5.313773921945974e-4,99.7794541667157
Lathyrus odoratus,5.313773921945974e-4,99.78086641324687
Linaria alpina,5.313773921945974e-4,99.78227865977804
Linaria spartea,5.313773921945974e-4,99.7836909063092
Mentha suaveolens,5.313773921945974e-4,99.78510315284038
Ononis striata,5.313773921945974e-4,99.78651539937155
Orchis mascula,5.313773921945974e-4,99.78792764590271
Oreomecon alpina,5.313773921945974e-4,99.78933989243389
Platycodon grandiflorus,5.313773921945974e-4,99.79075213896506
Polygonatum verticillatum,5.313773921945974e-4,99.79216438549622
Potentilla sterilis,5.313773921945974e-4,99.7935766320274
Primula vulgaris,5.313773921945974e-4,99.79498887855857
Prunus padus,5.313773921945974e-4,99.79640112508973
Pulmonaria officinalis,5.313773921945974e-4,99.7978133716209
Rubus arcticus,5.313773921945974e-4,99.79922561815206
Salix alba,5.313773921945974e-4,99.80063786468324
Salvia nubicola,5.313773921945974e-4,99.80205011121441
Salvia verbenaca,5.313773921945974e-4,99.80346235774557
Senecio leucanthemifolius,5.313773921945974e-4,99.80487460427675
Tofieldia calyculata,5.313773921945974e-4,99.80628685080792
Veronica austriaca,5.313773921945974e-4,99.80769909733908
Veronicastrum virginicum,5.313773921945974e-4,99.80911134387026
Vicia lutea,5.313773921945974e-4,99.81052359040143
Zantedeschia aethiopica,5.313773921945974e-4,99.81193583693259
Anthriscus cerefolium,4.428144934954979e-4,99.8131127090419
Arenaria serpyllifolia,4.428144934954979e-4,99.81428958115121
Armeria arenaria,4.428144934954979e-4,99.81546645326053
Astragalus alpinus,4.428144934954979e-4,99.81664332536982
Brassica repanda,4.428144934954979e-4,99.81782019747914
Chrysosplenium alternifolium,4.428144934954979e-4,99.81899706958845
Conopodium majus,4.428144934954979e-4,99.82017394169775
Cymbalaria muralis,4.428144934954979e-4,99.82135081380706
Echium italicum,4.428144934954979e-4,99.82252768591637
Erica vagans,4.428144934954979e-4,99.82370455802568
Hedera helix,4.428144934954979e-4,99.82488143013498
Humulus lupulus,4.428144934954979e-4,99.82605830224429
Larix decidua,4.428144934954979e-4,99.8272351743536
Linum austriacum,4.428144934954979e-4,99.8284120464629
Lonicera implexa,4.428144934954979e-4,99.82958891857221
Narcissus tazetta,4.428144934954979e-4,99.83076579068153
Polygala comosa,4.428144934954979e-4,99.83194266279084
Pulicaria odora,4.428144934954979e-4,99.83311953490013
Rudbeckia hirta,4.428144934954979e-4,99.83429640700945
Spiraea × arguta,4.428144934954979e-4,99.83547327911876
Spiranthes spiralis,4.428144934954979e-4,99.83665015122806
Stellaria nemorum,4.428144934954979e-4,99.83782702333737
Thunbergia grandiflora,4.428144934954979e-4,99.83900389544668
Trifolium alpestre,4.428144934954979e-4,99.84018076755599
Trifolium incarnatum,4.428144934954979e-4,99.84135763966529
Ageratum houstonianum,3.542515947963983e-4,99.84229913735274
Alcea biennis,3.542515947963983e-4,99.84324063504019
Allium cepa,3.542515947963983e-4,99.84418213272764
Allium triquetrum,3.542515947963983e-4,99.84512363041507
Anacamptis palustris,3.542515947963983e-4,99.84606512810252
Antennaria dioica,3.542515947963983e-4,99.84700662578997
Campanula bononiensis,3.542515947963983e-4,99.84794812347742
Carex flacca,3.542515947963983e-4,99.84888962116486
Cephalaria gigantea,3.542515947963983e-4,99.84983111885231
Cerastium carinthiacum,3.542515947963983e-4,99.85077261653976
Convallaria majalis,3.542515947963983e-4,99.8517141142272
Crepis rubra,3.542515947963983e-4,99.85265561191466
Crocosmia × crocosmiiflora,3.542515947963983e-4,99.85359710960209
Crucianella maritima,3.542515947963983e-4,99.85453860728954
Cucurbita pepo,3.542515947963983e-4,99.85548010497699
Dactylis glomerata,3.542515947963983e-4,99.85642160266444
Dianthus hyssopifolius,3.542515947963983e-4,99.85736310035188
Echinops spinosissimus,3.542515947963983e-4,99.85830459803933
Epilobium tetragonum,3.542515947963983e-4,99.85924609572677
Erica ciliaris,3.542515947963983e-4,99.86018759341422
Euphorbia spathulata,3.542515947963983e-4,99.86112909110166
Galium boreale,3.542515947963983e-4,99.86207058878911
Galium glaucum,3.542515947963983e-4,99.86301208647656
Gentianella amarella,3.542515947963983e-4,99.86395358416401
Geranium versicolor,3.542515947963983e-4,99.86489508185146
Hieracium glaucinum,3.542515947963983e-4,99.8658365795389
Holcus lanatus,3.542515947963983e-4,99.86677807722634
Iochroma fuchsioides,3.542515947963983e-4,99.86771957491379
Lathyrus vernus,3.542515947963983e-4,99.86866107260124
Linaria propinqua,3.542515947963983e-4,99.86960257028868
Linum bienne,3.542515947963983e-4,99.87054406797613
Lotus ornithopodioides,3.542515947963983e-4,99.87148556566358
Malva unguiculata,3.542515947963983e-4,99.87242706335103
Melilotus neapolitanus,3.542515947963983e-4,99.87336856103846
Onosma tricerosperma,3.542515947963983e-4,99.87431005872591
Orchis purpurea,3.542515947963983e-4,99.87525155641336
Orchis simia,3.542515947963983e-4,99.87619305410081
Papaver dubium,3.542515947963983e-4,99.87713455178826
Pentanema britannica,3.542515947963983e-4,99.8780760494757
Pilosella aurantiaca,3.542515947963983e-4,99.87901754716314
Plantago lagopus,3.542515947963983e-4,99.8799590448506
Potentilla incana,3.542515947963983e-4,99.88090054253804
Pulicaria vulgaris,3.542515947963983e-4,99.88184204022548
Pulmonaria hirta,3.542515947963983e-4,99.88278353791293
Ranunculus arvensis,3.542515947963983e-4,99.88372503560038
Ranunculus breyninus,3.542515947963983e-4,99.88466653328783
Ribes nigrum,3.542515947963983e-4,99.88560803097528
Ribes sanguineum,3.542515947963983e-4,99.88654952866271
Rosa rubiginosa,3.542515947963983e-4,99.88749102635016
Ruta montana,3.542515947963983e-4,99.88843252403761
Silene coronaria,3.542515947963983e-4,99.88937402172506
Spiraea douglasii,3.542515947963983e-4,99.8903155194125
Syringa vulgaris,3.542515947963983e-4,99.89125701709995
Taraxacum vulgare,3.542515947963983e-4,99.8921985147874
Telekia speciosa,3.542515947963983e-4,99.89314001247484
Thalictrum minus,3.542515947963983e-4,99.89408151016228
Thesium humifusum,3.542515947963983e-4,99.89502300784973
Tilia platyphyllos,3.542515947963983e-4,99.89596450553718
Trifolium angustifolium,3.542515947963983e-4,99.89690600322463
Umbellularia californica,3.542515947963983e-4,99.89784750091208
Valeriana tuberosa,3.542515947963983e-4,99.89878899859951
Zygophyllum creticum,3.542515947963983e-4,99.89973049628696
Aegonychon purpurocaeruleum,2.656886960972987e-4,99.90043661955255
Allium denudatum,2.656886960972987e-4,99.90114274281814
Allium scorodoprasum,2.656886960972987e-4,99.90184886608372
Anacamptis morio,2.656886960972987e-4,99.9025549893493
Arctotheca calendula,2.656886960972987e-4,99.90326111261489
Caltha palustris,2.656886960972987e-4,99.90396723588047
Cardamine hirsuta,2.656886960972987e-4,99.90467335914606
Conium maculatum,2.656886960972987e-4,99.90537948241165
Eryngium bourgatii,2.656886960972987e-4,99.90608560567723
Erysimum duriaei,2.656886960972987e-4,99.9067917289428
Euphorbia segetalis,2.656886960972987e-4,99.9074978522084
Euphrasia picta,2.656886960972987e-4,99.90820397547398
Fumana thymifolia,2.656886960972987e-4,99.90891009873957
Geranium rotundifolium,2.656886960972987e-4,99.90961622200516
Hieracium picroides,2.656886960972987e-4,99.91032234527074
Hieracium valdepilosum,2.656886960972987e-4,99.91102846853632
Hydrangea macrophylla,2.656886960972987e-4,99.9117345918019
Hylotelephium maximum,2.656886960972987e-4,99.91244071506749
Hypericum perfoliatum,2.656886960972987e-4,99.91314683833308
Hypochaeris cretensis,2.656886960972987e-4,99.91385296159866
Lactuca perennis,2.656886960972987e-4,99.91455908486424
Leontodon taraxacoides,2.656886960972987e-4,99.91526520812982
Lilium martagon,2.656886960972987e-4,99.91597133139541
Malva multiflora,2.656886960972987e-4,99.916677454661
Parentucellia viscosa,2.656886960972987e-4,99.91738357792659
Pinguicula alpina,2.656886960972987e-4,99.91808970119217
Primula minima,2.656886960972987e-4,99.91879582445775
Reynoutria japonica,2.656886960972987e-4,99.91950194772333
Rhinanthus pumilus,2.656886960972987e-4,99.92020807098892
Rumex acetosella,2.656886960972987e-4,99.92091419425451
Salvia viridis,2.656886960972987e-4,99.9216203175201
Sanicula europaea,2.656886960972987e-4,99.92232644078568
Sesamoides interrupta,2.656886960972987e-4,99.92303256405125
Silene nutans,2.656886960972987e-4,99.92373868731684
Silene saxifraga,2.656886960972987e-4,99.92444481058243
Valerianella vesicaria,2.656886960972987e-4,99.92515093384802
Veronica filiformis,2.656886960972987e-4,99.9258570571136
Veronica serpyllifolia,2.656886960972987e-4,99.92656318037919
Vicia peregrina,2.656886960972987e-4,99.92726930364476
Wisteria sinensis,2.656886960972987e-4,99.92797542691035
Abutilon theophrasti,1.7712579739819916e-4,99.92844617575408
Ajuga pyramidalis,1.7712579739819916e-4,99.9289169245978
Allium oleraceum,1.7712579739819916e-4,99.92938767344152
Amelanchier × lamarckii,1.7712579739819916e-4,99.92985842228525
Anemonoides sylvestris,1.7712579739819916e-4,99.93032917112897
Anthoxanthum odoratum,1.7712579739819916e-4,99.9307999199727
Antirrhinum majus,1.7712579739819916e-4,99.93127066881641
Arabis ciliata,1.7712579739819916e-4,99.93174141766013
Aurinia saxatilis,1.7712579739819916e-4,99.93221216650386
Berberis darwinii,1.7712579739819916e-4,99.93268291534758
Berteroa incana,1.7712579739819916e-4,99.93315366419131
Bryonia alba,1.7712579739819916e-4,99.93362441303503
Buglossoides arvensis,1.7712579739819916e-4,99.93409516187876
Calibrachoa parviflora,1.7712579739819916e-4,99.93456591072248
Campanula carnica,1.7712579739819916e-4,99.93503665956621
Candollea mollis,1.7712579739819916e-4,99.93550740840992
Canna indica,1.7712579739819916e-4,99.93597815725364
Carduus nigrescens,1.7712579739819916e-4,99.93644890609737
Carex ericetorum,1.7712579739819916e-4,99.9369196549411
Carlina acaulis,1.7712579739819916e-4,99.93739040378482
Carlina corymbosa,1.7712579739819916e-4,99.93786115262854
Centaurea sphaerocephala,1.7712579739819916e-4,99.93833190147227
Centaurium pulchellum,1.7712579739819916e-4,99.93880265031599
Centaurium tenuiflorum,1.7712579739819916e-4,99.9392733991597
Cerastium glomeratum,1.7712579739819916e-4,99.93974414800343
Cerastium holosteoides,1.7712579739819916e-4,99.94021489684715
Cerastium tomentosum,1.7712579739819916e-4,99.94068564569088
Chaenomeles japonica,1.7712579739819916e-4,99.9411563945346
Chondrilla ramosissima,1.7712579739819916e-4,99.94162714337833
Clinopodium grandiflorum,1.7712579739819916e-4,99.94209789222205
Comarum palustre,1.7712579739819916e-4,99.94256864106578
Coreopsis verticillata,1.7712579739819916e-4,99.9430393899095
Corydalis cava,1.7712579739819916e-4,99.94351013875321
Crepis sancta,1.7712579739819916e-4,99.94398088759694
Dahlia coccinea,1.7712579739819916e-4,99.94445163644066
Dianthus barbatus,1.7712579739819916e-4,99.94492238528439
Dianthus monspessulanus,1.7712579739819916e-4,99.94539313412811
Dianthus superbus,1.7712579739819916e-4,99.94586388297184
Epilobium dodonaei,1.7712579739819916e-4,99.94633463181556
Epilobium obscurum,1.7712579739819916e-4,99.94680538065928
Erinus alpinus,1.7712579739819916e-4,99.94727612950301
Eriocapitella hupehensis,1.7712579739819916e-4,99.94774687834672
Erodium moschatum,1.7712579739819916e-4,99.948217627190445
Euphorbia exigua,1.7712579739819916e-4,99.94868837603417
Euphrasia salisburgensis,1.7712579739819916e-4,99.9491591248779
Galeopsis bifida,1.7712579739819916e-4,99.94962987372162
Galium odoratum,1.7712579739819916e-4,99.95010062256534
Galium pumilum,1.7712579739819916e-4,99.95057137140907
Galium uliginosum,1.7712579739819916e-4,99.9510421202528
Genista triacanthos,1.7712579739819916e-4,99.95151286909652
Geranium sibiricum,1.7712579739819916e-4,99.95198361794023
Hemerocallis lilioasphodelus,1.7712579739819916e-4,99.95245436678395
Hibiscus trionum,1.7712579739819916e-4,99.95292511562768
Hydrangea arborescens,1.7712579739819916e-4,99.9533958644714
Hyoseris scabra,1.7712579739819916e-4,99.95386661331513
Hypecoum imberbe,1.7712579739819916e-4,99.95433736215885
Iberis sempervirens,1.7712579739819916e-4,99.95480811100258
Legousia falcata,1.7712579739819916e-4,99.9552788598463
Leucanthemum ircutianum,1.7712579739819916e-4,99.95574960869001
Liatris pycnostachya,1.7712579739819916e-4,99.95622035753374
Limonium sinuatum,1.7712579739819916e-4,99.95669110637746
Linaria repens,1.7712579739819916e-4,99.95716185522119
Lonicera caprifolium,1.7712579739819916e-4,99.95763260406491
Lonicera tatarica,1.7712579739819916e-4,99.95810335290864
Lupinus albus,1.7712579739819916e-4,99.95857410175236
Lupinus gussoneanus,1.7712579739819916e-4,99.95904485059609
Lysimachia punctata,1.7712579739819916e-4,99.95951559943981
Malva trimestris,1.7712579739819916e-4,99.95998634828352
Medicago arabica,1.7712579739819916e-4,99.96045709712725
Mentha × piperita,1.7712579739819916e-4,99.96092784597097
Mentha spicata,1.7712579739819916e-4,99.9613985948147
Mercurialis annua,1.7712579739819916e-4,99.96186934365842
Minuartia rostrata,1.7712579739819916e-4,99.96234009250215
Muscari neglectum,1.7712579739819916e-4,99.96281084134587
Myosotis scorpioides,1.7712579739819916e-4,99.9632815901896
Myosotis stricta,1.7712579739819916e-4,99.96375233903332
Narcissus papyraceus,1.7712579739819916e-4,99.96422308787703
Narthecium ossifragum,1.7712579739819916e-4,99.96469383672076
Nepeta cataria,1.7712579739819916e-4,99.96516458556448
Ononis arvensis,1.7712579739819916e-4,99.9656353344082
Ononis pusilla,1.7712579739819916e-4,99.96610608325193
Orchis militaris,1.7712579739819916e-4,99.96657683209565
Orobanche minor,1.7712579739819916e-4,99.96704758093938
Orobanche ramosa,1.7712579739819916e-4,99.9675183297831
Osyris lanceolata,1.7712579739819916e-4,99.96798907862683
Papaver somniferum,1.7712579739819916e-4,99.96845982747054
Petrorhagia dubia,1.7712579739819916e-4,99.96893057631426
Picris angustifolia,1.7712579739819916e-4,99.96940132515799
Picris rhagadioloides,1.7712579739819916e-4,99.96987207400171
Polygala nicaeensis,1.7712579739819916e-4,99.97034282284544
Polygonatum multiflorum,1.7712579739819916e-4,99.97081357168916
Potentilla brauneana,1.7712579739819916e-4,99.97128432053289
Prunus spicata,1.7712579739819916e-4,99.97175506937661
Psammophiliella muralis,1.7712579739819916e-4,99.97222581822032
Punica granatum,1.7712579739819916e-4,99.97269656706405
Quercus suber,1.7712579739819916e-4,99.97316731590777
Ranunculus muricatus,1.7712579739819916e-4,99.9736380647515
Rhododendron davidi,1.7712579739819916e-4,99.97410881359522
Rosa spinosissima,1.7712579739819916e-4,99.97457956243895
Rumex obtusifolius,1.7712579739819916e-4,99.97505031128267
Rumex scutatus,1.7712579739819916e-4,99.9755210601264
Salix retusa,1.7712579739819916e-4,99.97599180897012
Salvia coccinea,1.7712579739819916e-4,99.97646255781383
Salvia farinacea,1.7712579739819916e-4,99.97693330665756
Satureja hortensis,1.7712579739819916e-4,99.97740405550128
Senecio sylvaticus,1.7712579739819916e-4,99.977874804345
Sideritis scardica,1.7712579739819916e-4,99.97834555318873
Solanum lycopersicum,1.7712579739819916e-4,99.97881630203246
Spergula arvensis,1.7712579739819916e-4,99.97928705087618
Spiraea × billardii,1.7712579739819916e-4,99.9797577997199
Suaeda vera,1.7712579739819916e-4,99.98022854856363
Thalictrum lucidum,1.7712579739819916e-4,99.98069929740734
Thesium divaricatum,1.7712579739819916e-4,99.98117004625107
Tragopogon dubius,1.7712579739819916e-4,99.98164079509479
Trifolium rubens,1.7712579739819916e-4,99.98211154393852
Valeriana locusta,1.7712579739819916e-4,99.98258229278224
Verbascum thapsus,1.7712579739819916e-4,99.98305304162596
Veronica alpina,1.7712579739819916e-4,99.98352379046969
Veronica aphylla,1.7712579739819916e-4,99.98399453931341
Veronica montana,1.7712579739819916e-4,99.98446528815714
Viburnum tinus,1.7712579739819916e-4,99.98493603700085
Vicia hirsuta,1.7712579739819916e-4,99.98540678584457
Vicia sylvatica,1.7712579739819916e-4,99.9858775346883
Vinca major,1.7712579739819916e-4,99.98634828353202
Viola lutea,1.7712579739819916e-4,99.98681903237575
Viola odorata,1.7712579739819916e-4,99.98728978121947
Viola tricolor,1.7712579739819916e-4,99.9877605300632
Achillea salicifolia,8.856289869909958e-5,99.98799590448506
Aconitum degenii,8.856289869909958e-5,99.98823127890692
Allium ampeloprasum,8.856289869909958e-5,99.98846665332879
Allium sipyleum,8.856289869909958e-5,99.98870202775063
Anthyllis circinnata,8.856289869909958e-5,99.9889374021725
Asperula tinctoria,8.856289869909958e-5,99.98917277659436
Brassica fruticulosa,8.856289869909958e-5,99.98940815101622
Campanula lusitanica,8.856289869909958e-5,99.98964352543808
Carex hirta,8.856289869909958e-5,99.98987889985995
Centaurium littorale,8.856289869909958e-5,99.99011427428181
Cerinthe major,8.856289869909958e-5,99.99034964870367
Cynoglossum columnae,8.856289869909958e-5,99.99058502312553
Descurainia sophia,8.856289869909958e-5,99.9908203975474
Dimorphotheca ecklonis,8.856289869909958e-5,99.99105577196926
Epilobium brachycarpum,8.856289869909958e-5,99.99129114639112
Epilobium ciliatum,8.856289869909958e-5,99.99152652081298
Fumana arabica,8.856289869909958e-5,99.99176189523484
Genista januensis,8.856289869909958e-5,99.99199726965671
Gladiolus communis,8.856289869909958e-5,99.99223264407857
Gladiolus italicus,8.856289869909958e-5,99.99246801850043
Hedypnois rhagadioloides,8.856289869909958e-5,99.9927033929223
Hepatica nobilis,8.856289869909958e-5,99.99293876734414
Hippocrepis emerus,8.856289869909958e-5,99.993174141766
Juglans regia,8.856289869909958e-5,99.99340951618787
Klasea radiata,8.856289869909958e-5,99.99364489060973
Knautia integrifolia,8.856289869909958e-5,99.99388026503159
Leontopodium nivale,8.856289869909958e-5,99.99411563945345
Linum narbonense,8.856289869909958e-5,99.99435101387532
Lotus edulis,8.856289869909958e-5,99.99458638829718
Lotus peregrinus,8.856289869909958e-5,99.99482176271904
Lupinus luteus,8.856289869909958e-5,99.9950571371409
Medicago disciformis,8.856289869909958e-5,99.99529251156277
Medicago minima,8.856289869909958e-5,99.99552788598463
Mentha pulegium,8.856289869909958e-5,99.99576326040649
Moraea sisyrinchium,8.856289869909958e-5,99.99599863482835
Muscari botryoides,8.856289869909958e-5,99.99623400925022
Ophrys sphegodes,8.856289869909958e-5,99.99646938367208
Pinguicula grandiflora,8.856289869909958e-5,99.99670475809394
Plantago coronopus,8.856289869909958e-5,99.99694013251579
Poa annua,8.856289869909958e-5,99.99717550693765
Prospero autumnale,8.856289869909958e-5,99.99741088135951
Ranunculus platanifolius,8.856289869909958e-5,99.99764625578138
Rheum rhabarbarum,8.856289869909958e-5,99.99788163020324
Sanguisorba verrucosa,8.856289869909958e-5,99.9981170046251
Scorpiurus muricatus,8.856289869909958e-5,99.99835237904696
Sedum anglicum,8.856289869909958e-5,99.99858775346883
Smyrnium perfoliatum,8.856289869909958e-5,99.99882312789069
Tamarix parviflora,8.856289869909958e-5,99.99905850231255
Taraxacum palustre,8.856289869909958e-5,99.99929387673441
Trifolium alpinum,8.856289869909958e-5,99.99952925115628
Trifolium aureum,8.856289869909958e-5,99.99976462557814
Trifolium uniflorum,8.856289869909958e-5,100
